sequence_name,ipSAE,ipSAE_d0chn,ipSAE_d0dom,ipTM_af,ipTM_d0chn,pDockQ,pDockQ2,LIS,length,chain_pair,n0res,n0chn,n0dom,d0res,d0chn,d0dom,nres1,nres2,dist1,dist2,sequence
sequence_12,0.760366,0.901728,0.85827,0.911,0.901728,0.5462,0.6872,0.4941,241,A-B,241,885,521,5.75,10.04,8.08,388,241,88,89,QVQLKQSGPGLVQPSQSLSITCTVSGFSLTNYGVHWVRQSPGKGLEWLGVIWSGGSTDYNTPFTSRLSINKDNSKSQVFFKMNSLQSNDTAIYYCARDLTGYGYEFAYWGQGTLVTVSAGGGGSGGGGSGGGGSDILLTQSPVILSVSPGERVSFSCRASQSISTNIHWYQQRTNGSPRLLIKYASESISGIPSRFSGSGSGTDFTLSINSVESEDIADYYCQQNTSWPTTFGAGTKLELK
sequence_109,0.706932,0.873535,0.81924,0.89,0.873535,0.5012,0.6498,0.4643,241,A-B,241,885,514,5.75,10.04,8.04,352,241,83,82,AVQLKQSGPGLVQPSQSLSITCTVSGFSLTNYGVHWVRQSPGKGLEWLGVIWSGGNTDYNTPFTSRLSINKDNSKSQVFFKMNSLQSNDTAIYYCARALTYYDYEFAYWGQGTLVTVSSGGGGSGGGGSGGGGSDIVLTQSPVILSVSTGERVSFSCRASQSIGTNIHWYQQRTNGSPRLLIYYASESISGIPSRFSGSGSGTDFTLSINNVQAEDIADYYCQQNNNWPTTFGAGTKLELK
sequence_1,0.693085,0.867824,0.810644,0.889,0.867824,0.501,0.6355,0.4604,241,A-B,241,885,514,5.75,10.04,8.04,366,241,81,81,QVQLQQSGPGLVQPSQSLSITCTVSGFSLTNYGVHWVRQSPGKGLEWMGVIWSGGNTDYNTPFTSRLSVNKDNSKSQVFFNMNSLQSNDTAIYYCARALTYYDYEFAYWGQGVTVTVSSGGGGSGGGGSGGGGSDILLTQSPSSLSVSVGDRVSMSCRASQSIGTNIHWYQRRTNGSPKLLIKYASESISGISSRFSGSGSGTDFTLTISSMEPEDIADYYCQQNNNWPTTFGAGTKLELK
sequence_141,0.688204,0.862424,0.805737,0.883,0.862424,0.4994,0.5981,0.4548,241,A-B,241,885,517,5.75,10.04,8.05,378,241,82,81,QVQLKQSGPGLVKPSQSLSITCTFSGFSLTNYGVHWVRQSPGKGLEWLGVIWSGGNTDYNTPYTSRLSINKDNSKSQVFFNMNSLQSNDTAIYYCARALTYYDYEFAYWGQGTLVTVSAGAGGSGGGGGGGGGSDIQLTQSPVILSVSPGERVTFSCRTSQSIGTNIHWYQQRPNGSPKLLIKYASESISGISSRFSGSGSGTDFTLSISSVESEDIATYYCQQNNNWPTTFGAGTKLELK
sequence_137,0.684521,0.858246,0.80035,0.883,0.858246,0.4941,0.4369,0.4631,241,A-B,241,885,512,5.75,10.04,8.02,369,241,83,85,QVQLKQSGPGLVQPSQSLSITCTVSGFSLTNYGVHWVRQAPGKGLEWLGVIWSGGNTNYNPPFTSRLSINKDNSKSQVFFKMNSLQSNDTAIYYCARALTYYDYEFAYWGQGTLVTVSAGGGGSGGGGSGGGGSGILLTQSPVIMSVSPGERVSFSCRASQSIGTNIHWYQQRTGGSPVLLSKYASESISGIPSRFSGSGSGEEFTLSISNVESEDIATYYCQQNNNWPTTFGAGTKLELK
sequence_140,0.684014,0.862741,0.803503,0.887,0.862741,0.4933,0.5973,0.4618,241,A-B,241,885,512,5.75,10.04,8.02,364,241,85,81,QVQTKQSGPALVQPSQSLSITCTVSGFSLTNYGVSWVRQAPGKGLEWLGVIWSGGNTDYNSPFTSRCSVNKDNSKSQVSLKVNSLQSEDTAVYYCARALTYYDYEFAYWGQGTLVTVSAGGGGSGGGGGGGGGSDILLTQSPVILSVSPGQRVSFTCRASQSIGTNLHWYQQQTNGSPRLLIKYASELISGVPSRFSGSGSGTDFTLTITRVEPEDIADYYCQQNNNWPTTFGAGTKLELK
sequence_114,0.670038,0.855833,0.793047,0.882,0.855833,0.4983,0.5787,0.4589,241,A-B,241,885,509,5.75,10.04,8.0,322,241,83,81,QVQLKQSGPGLVQPSQSLSITCTVSGFSLTNYGVHWVRQSPGKGLEWLGVIWSGGNTDYNPPFTSRLSMNKDNSRSQVFLKMNSLQTNDTAIYYCARALTYYDYEFAYWGQGTLVTVSSGGGGSGGGGSGGGGSDILLTQSPVILSVSPGERVSFSCRASQSIGTNLHWYQQRTNGSPRLLIYYASESISGIPERFSGSGSGTDFTLSISSVESEDLADYYCQQNNNWPTTFGAGTKLELK
sequence_106,0.669335,0.854945,0.793233,0.882,0.854945,0.4989,0.6403,0.4508,241,A-B,241,885,513,5.75,10.04,8.03,364,241,79,81,QVQLKQSGPGLVAPSQSLSITCTVSGFSLTNYGVHWVRQSPGKGLEWLGVIWSGGNTDYNTPFTSRLSINKDNSKSQVFFKMNSMQTNDTAIYYCARALTYYDYEFAYWGQGTLVTVSAGGGGGGGGGSGGGGSDILLTQSPVIKSVSPGERVSFSCRASQSIGTNVHWYQQKTNGSPRLLIYYASNSISGIPSRFSGSGSGTDFTLSGNSVESEDFADYYCQQNNNWPTTFGGGTKLEIK
sequence_125,0.668655,0.852942,0.791752,0.88,0.852942,0.5029,0.6328,0.4528,241,A-B,241,885,514,5.75,10.04,8.04,361,241,81,83,QVQLKQSGPGLVQPSQSLSITCTVSGFSLTNYGVHWVRQAPGKGLEWLGVIWSGGNTDYNTPFTSRISINKDTSTSQVFFKMNSLTSNDTAIYYCARALTYYDYEFAYWGQGTLVTVSAGGGGSGGGGSGGGGSDILMTQSPVSLSVSPGERVSFSCRASQSIGTNIHWVQQRTNGSPRLLIKYASESISGVPSRFSGSGSGTDFTLSISSVESEDIADYYCQQNNNWPTTFGAGTKLELK
sequence_0,0.664832,0.852093,0.789623,0.879,0.852093,0.49,0.5973,0.4563,241,A-B,241,885,513,5.75,10.04,8.03,362,241,81,84,QVQLKQSGPGLVQPSQSLSITCTVSGFSLTNYGVHWLRQSPGKGLEWLGVIWSGGNTDYNTPFNSRLSINKDNSKSQVFFKMNSLQANDTAIYFCARALTYYDYEFAYWGQGTLVTVSAGGGGSGGGGSGGGGSDILLTQSPVILSVSPGEKVSFSCKASQSIGTNIHWYQQRGNGSPRLLIKYASESISGIPSRFSGSGSGTDFTLSINSVESEDIADYYCQQNNNWPTTFGAGTKLELK
sequence_108,0.664486,0.852899,0.790126,0.883,0.852899,0.5253,0.5995,0.4494,241,A-B,241,885,513,5.75,10.04,8.03,366,241,83,85,QVQLKQSGPGLVQPSQSLSLTCTVSGFSLTNYGVHWVRQSPGKGLEWLGVIWSGGNTDYNTPFTSRLSINKDNSKSQVFFKVNSLQSNDTAIYYCARALTYYDYEFAYWGQGTLVTVSAGGGGGGGGGSGGGGSDILLTQSPSILSVSAGERVSFSCRASQSIGTNIHWYQQWTNGSPRLLIYYASESISGIPSRFSGSGSGTDFTLSINSVESEDIADYYCQQNNNWPTTFGAGTKLELK
sequence_126,0.652377,0.844794,0.780463,0.875,0.844794,0.4828,0.5292,0.4401,241,A-B,241,885,514,5.75,10.04,8.04,362,241,83,81,QVQLVQRGGGLVQPSGSLSVTCTVSGFSLTNYGVHWMRQSPHKGLEWLGVIWSGGNTDSAAPFKSRLSINKDNSTSQVFFKMNSLQSSDTAIYYCARALTYYDYEFAYWGQGTLVTVSAGGGGSGGGGSGGGGSDILLTQSPVILSTSLGERVSFSCRASQSIGTNIHWYQQRTGGTPKLLIKYASNSISGIPSRFTGSGSGTDFTLSINSVQAEDIATYYCQQNNNWPTTFGAGTKLELK
sequence_138,0.647457,0.841626,0.777057,0.872,0.841626,0.491,0.5699,0.4434,241,A-B,241,885,516,5.75,10.04,8.05,375,241,81,84,QVQLKESGPGLVQPSQTLSITCTVSGFSLTNYGVHWVRQAPGKGLEWLGVIWSGGNTDYNTKFTSRLSINKDNSKSQVFFKMNSLQSEDTAIYYCARALTYYDYEFAYWGQGTLVTVSAGGGGSGGGGSGGGGSDIVLTQSPVIYSVSPGERVSFSCRASQSIGTNINWYQQRTNGSPRLLIKYASESISGIPGRFSGSGSGTDFTLSINRVESEDIADYYCQQNNNWPTTFGAGTKLELK
sequence_131,0.646704,0.841661,0.775998,0.872,0.841661,0.4378,0.5265,0.4446,241,A-B,241,885,513,5.75,10.04,8.03,364,241,81,82,QVQLKQSGPEVMQPSQSLSITCSVSGFSLTNYGVHWVRQSPGKGLEWLGVIWSGGNTDYATPFTSRLTINKDTSKSQVFFKMNSLQANDTAIYYCARALTYYDYEFAYWGQGTSVTVSAGGGGGGGGGGGGGGSDILLTQSPVILSVSPGERVSISCRASQSIGTNINWYQQKTNQSPRLLIKYASESESGIPSRFSGSGSGTDFTLSINSVESEDIADYYCQQNNNWPTTFGAGTKLELK
sequence_139,0.64339,0.839398,0.773769,0.872,0.839398,0.4667,0.4846,0.4435,241,A-B,241,885,515,5.75,10.04,8.04,369,241,78,85,QVQLKQSGPGLVQPSQTLSITCTVSGFSLTNYGVHWVRQSPGKGLEWLGVIWSGGNTDYNTKFQSRLSINKDTSKSQVFFKMNSLQSNDTAIYYCARALTYYDYEFAYWGQGTLVTVSAGGGGSGGGGSGGGGSDILLTQSPVILSVSPGQRASFTCRASQSIGTNIHWYQQKTNGSPRLLIKYASELISGIPSRFTGSGSGTDFTFTINRVESEDIGDYYCQQNNNWPTTFGGGTKLEIK
sequence_119,0.642602,0.838392,0.773033,0.871,0.838392,0.4534,0.5136,0.4443,241,A-B,241,885,516,5.75,10.04,8.05,358,241,81,83,QVQLKQSGPGLVQPSQSLSITCTVSGFSLTNYAVHWVRQSPGKGLEWLGVIWSGGNTDYNTPFTSRLSINKDNSKSQVFFKMNSLQSNDTAIYYCARALTYYYYEMDYWGQGTLVTVSAGGGGSGGGGSGGGGSDILLTQSPVILSVSPGERVSFSCRASQGIGTNIHWYQQRTNGSPRLLIKYASESISGIPSRFSGSGSGTDFTLSINSVESEDIADYYCQQNNNWPHTFGAGTKLELK
sequence_107,0.637608,0.835025,0.768404,0.867,0.835025,0.4985,0.5159,0.4313,241,A-B,241,885,514,5.75,10.04,8.04,363,241,86,82,QVQLQQSGPGLVQPSQSLSSTCTASGFSLTNYGVHWVRQSPGKGLEWLGVIWSGGNTDYNTKFTSRLSINKDNSKSQVFFKLTSLQYNDTALYYCARALTYYDYEFAYWGQGTSVTVSAGGGGSGGGGSGGGGSDILLTQSPVSLSVSAGERVSITCRASQSIGTNIHWYQQRTGQSPRLLIKYASTLEDGIPSRFSGSSSGTDFTLSISSVESEDLADYYCQQNNNWPTTFGGGTKLEVK
sequence_111,0.637497,0.835834,0.768397,0.868,0.835834,0.4291,0.5387,0.438,241,A-B,241,885,512,5.75,10.04,8.02,335,241,79,80,SVQLKQSGPGLVQPSQSLSITCTVSGFSLTNYGVSWVRQAPGKGLEWLGVIWSGGNTDYNPPFTSRLSINKDNSKSQVFFSMNSLTSNDSAIYYCARALTYYDYEFAYWGQGTLVTVSAGGGGGGGLLGGGGGSDILLTQSPSILSVSPGERVSFSCRASQSIGTNINWYQQRPGGSPRLLIYYASSSISGIPSRFSGSGSGTDFTLSISSVESEDIADYYCQQNNNWPTTFGGGTKLELK
sequence_11,0.636544,0.836939,0.769147,0.872,0.836939,0.4139,0.4759,0.4355,241,A-B,241,885,513,5.75,10.04,8.03,356,241,83,83,QVQLKQSGPGLVQPSQSLSITCTVSGFSLTNYSVHWVRQSPGKGLEWLGVIWSGGNADYNTPFTSRLSINKDNSKSQVFFKMNSLQSNDTAIYYCARALSSYDSWFAYWGQGTLVTVSAGGGGSGGGGSGGGGSDILLTQSPVILSVSPGERVSFSCRASQSIGTYIHWYQQRTNGSPRLLIKEASESISGIPSRFSGSGSGTDFTLSINSVESEDIADYYCQQNNNWPTTFGAGTKLELK
sequence_127,0.623122,0.827744,0.757973,0.865,0.827744,0.5069,0.589,0.4241,241,A-B,241,885,513,5.75,10.04,8.03,352,241,83,82,QVQLKQSGPGLVQPSQSLSITCTVSGFSLTNYGVHWVRQSPGKGLEWLGVIWSGGNTDYNTPFTSRLSINKDNSKSQVFFKMNSLQSNDTAIYYCARALTYYDYEFDVWGQGTLVTVSAGGGGSGGGGSGGGGSDILLTQSPVILSVSPGERVSFSCRASQSIGNYIHWYQQRTNGSPRLLIKYASESISGIPSRFSGSGSGTDFTLSINSVESEDIADYYCQENNNWPTTFGAGTKLELK
sequence_116,0.616777,0.825051,0.754075,0.864,0.825051,0.4924,0.4336,0.4265,241,A-B,241,885,514,5.75,10.04,8.04,365,241,84,85,QVTLKQSGPGLVQPSQSLSITCTVSGFSLTNYGVHWVRQSPGKGLEWLGVIWSGGNTDFNTPFTSRLSINKDNSKSQVFFKMNSLTSNDTAVYYCARALTYYDYEFAYWGQGTLVTVSAGGGGSGGGGSGGGGSDILMTQSPSTLSVSPGERVTFSCRASQSIGTNINWYQQRTNGSPRLLIYYASSSASGVPSRFSASGSGTDFTLTINSVESEDIADYYCQQNNNWPTTFGGGTKLELK
sequence_129,0.616714,0.825909,0.753504,0.867,0.825909,0.4957,0.4082,0.4261,241,A-B,241,885,510,5.75,10.04,8.01,357,241,83,86,QVQLKQSGPGLVQPSQSLSITCTVSGFSLTNYGVHWVRQSPGKGLEWLGVIWSGGNTDYNTPFTSRLNINKDNSKSQVFFKMNSLQSNDTAIYYCARALTYYDYEFAYWGQGTLVTVSAGGGGSGGGGSGGGGSDILLTQSPVILSVSPGERVSFSCRASQSIGTNINWHQKRTNGSPRLLIKYASTSISGIPSRFSGSGSGTDFTLSINSVQSEDIADYYCQQNNNWPTTFGAGTKLEIK
sequence_103,0.576032,0.7964,0.71608,0.848,0.7964,0.4541,0.4405,0.4068,241,A-B,353,885,509,6.84,10.04,8.0,355,241,78,83,QVQLKQSGPGLVQPSQTLSITCTVSGFSLTNYGVHWVRQSPGKGLEWLGVIWSGGNTDYNTPFTSRLSINKDNSKSQVFFKMNSLASNDTATYYCARALTYYDYEFAYWGQGTLITVSAGGGGSGGGGSGGGGSDILMTQSPSILSVSPGERVTFSCRASQSIGTNIDWYQQRTNGSPRLLIYYASKSYSGVPSRFSGSGSGTDFTLAINSVESEDIADYYCQQNNNWPTTFGSGTKLELK
sequence_110,0.572765,0.796943,0.718352,0.845,0.796943,0.4335,0.3744,0.3924,241,A-B,241,885,513,5.75,10.04,8.03,356,241,81,83,QVQLKQSGPGLVQPSQSASITCTVSGFSLTNYGVHVLRQSPSKGLEWVGVIWSGGNTDSYSPLKSRLSITKDNSKSQVFFNIASLQSNDTAIYFCARALTYYDYEFAYWGQGTTLTVSATGSGSGSGFSGSGGSDISLTQSPVTLSVSPGERVSISCRASQSIGTNISWYQQKTNGSPKLLIKYASESISGIPSRFSGSGSGTDFTLTISSVESEDIADYYCQQNNNWPTTFGAGTKLELK
sequence_115,0.544437,0.779163,0.692576,0.845,0.779163,0.554,0.2813,0.3938,241,A-B,241,885,504,5.75,10.04,7.97,330,241,83,81,QVQLKQSGPGLVQPSQSLSITCTVSGFSLTNYGVHWVRQAPGQGLEWLGVIWSGGNTDYNTPFTSRLSINKDTSSSQVFFKMNSLTSNDTAIYYCARALTYYDYEFAYWGQGTLVTVSAGGGGSGGGGSGGGGSDILMTQSPVSLSVSPGERVSFSCRASQSIGTNIHWYQQRTNGSPRLLIKYASESISGTPSRFSGSGSGTEFTLSISSVESEDIADYYCQQNNNWPTTFGAGTKLELK
sequence_104,0.538316,0.775346,0.748117,0.842,0.775346,0.4335,0.1991,0.378,241,A-B,241,885,731,5.75,10.04,9.29,578,241,110,103,QVQLKQSGPGLVQPSQSLSITCTVSGFSLTNYAVHWVRQSPGKGLEWLGVIWGGGNTDYNTPFTSRLSINKDNSKSQVFFKMNSLQSNDTAIYYCARALTSYDSEFAYWGQGTLVTVSAGGGGSGGGGSGGGGSDILLTQSPVILSVSPGERVSFSCRASQGIGTNIHWYQQRTNGSPRLLIKYASESISGIPSRFSGSGSGTDFTLSINSVESEDIADYYCQQNNNWPTTFGAGTKLELK
sequence_142,0.510767,0.756416,0.735856,0.834,0.756416,0.5128,0.1925,0.335,241,A-B,241,885,771,5.75,10.04,9.5,611,241,119,102,QVQLKQSGPGLVQPSQSLSITCTVSGFSLTNYNVHWVRQSPGKGLEWLGVIWHGGNTDYNTPFTSRLSINKDNSKSQVFFKMNSLQSNDTAIYYCARALTGYDQEFAYWGQGTLVTVSAGGGGSGGGGSGGGGSDILLTQSPVILSVSPGERVSFSCRASQGIGTNIHWYQQRTNGSPRLLIKYASESISGIPSRFSGSGSGTDFTLSINSVESEDIADYYCQQNNNWPTTFGAGTKLELK
sequence_122,0.507822,0.709851,0.611766,0.805,0.709851,0.4219,0.3024,0.3334,241,A-B,339,885,510,6.72,10.04,8.01,341,241,80,81,QVQLKQSGPGLVQPSQSLSITCTVSGFSLTSYGVHWVRQSPGKGLEWLGVIWSGGNTDYNTPFTSRLSINKDNSKSQVFFKMNSLQSNDTAIYYCARALHYYDYEFAFWGQGTLVTVSAGGGGSGGGGSGGGGSDILLTQSPVILSVSPGERVSFSCRASKSIGTNIHWYQQRTNGSPRLLIKYASESISGIPSRFSGSGSGTDFTLSINSVESEDIADYYCQQNNNYPTTFGAGTKLELK
sequence_133,0.507735,0.754635,0.728994,0.834,0.754635,0.5455,0.2194,0.3646,241,A-B,241,885,747,5.75,10.04,9.38,605,241,109,97,QVQLKQSGPGLVQPSQSLSITCTVSGFSLTNYEVHWVRQSPGKGLEWLGVIWSGGNTDYNTPFTSRLSINKDNSKSQVFFKMNSLQSNDTAIYYCARALSWYDYIFAYWGQGTLVTVSAGGGGSGGGGSGGGGSDILLTQSPVILSVSPGERVSFSCRASQSIGTGIHWYQQRTNGSPRLLIKKATESISGIPSRFSGSGSGTDFTLSINSVESEDIADYYCQQNNNWPTTFGAGTKLELK
sequence_10,0.507693,0.75396,0.659691,0.83,0.75396,0.5009,0.206,0.3654,241,A-B,241,885,500,5.75,10.04,7.94,328,241,84,83,QVQLQQSGPGLVQPSQSVKITCTVSGFSLTNYGVHWVRQSPGSGIEWLGVIWSGGNTDYNHNFTSRLSINKDNSKSQVFFEMNSLQTNDTAIYYCARALTYYDYEFAYWGQGTLLTVSAEGGGAGGRGSGGGGSDILLTQSPVILSVSPGDRASFSCQASQSIGTNIHWYQQRPGGSPRLLIYYASESISGVPSRFTGSGSGTDFTLSISSVETTDFADYYCQQNNNWPTTFGGGTELELK
sequence_112,0.507659,0.74914,0.655244,0.826,0.74914,0.5432,0.1988,0.3649,241,A-B,317,885,501,6.52,10.04,7.95,321,241,82,85,QVQLKQSDPVLVQPSQSVTITCSVSGFSLTNYGVSWVRQAPGKGLEWLGVIWSGGNTDYNPPFTSRVSLNKDNSKEQVSMKLNSLQSEDTAVYYCARALTYYDYEFAYWGQGTLVTVSAGGGGSGGGGGGGGGSDILLTQSPVILAVSPGERVSFSCKASQSIGTNLHWYQQKTNGSPRLLIKYASELISGVPSRFSGSGSGTDFTLTITGVEAEDIADYYCQQNNNWPTTFGAGTKVELK
sequence_105,0.501868,0.749631,0.654454,0.83,0.749631,0.5381,0.1537,0.359,241,A-B,241,885,500,5.75,10.04,7.94,340,241,85,83,QVQLKQSGPGLVQPSQSLSITCTVSGFSLTNYGVHWVRQSPGKGLEWLGVIWSGGNTDYNTPLTSRLSINKDNSKSQVFFKMNSLQSNDTAIYYCARALTYYDYEFAYWGQGTAVTVSAGGGGSGGGGSGGGGSDILLTQSPVIQSVSPGERVSFSCRASQSIGTNIHWYQQRTNGSPRLLIKYASTSASGIPSRFSGSGSGTDFTLTINSVESEDIADYYCQQNNNWPTTFGAGTKLELK
sequence_113,0.486663,0.727018,0.631851,0.803,0.727018,0.3422,0.2815,0.3411,241,A-B,334,885,510,6.67,10.04,8.01,335,241,80,80,QVQLKQSGPGLVQPSQSLSITCTVSGFSLTNYGVHWVRQSPGKGLEWLGVIWDGGSTDYNTPFTSRLSINKDNSKSQVFFKMNSLQSNDTAIYYCARAETYYDYEFAYWGQGTLVTVSAGGGGSGGGGSGGGGSDILLTQSPVILSVSPGERVSFSCRASTSIGTNIHWYQQRTNGSPRLLIKYASESISGIPSRFSGSGSGTDFTLSINSVESEDIADYYCRQNNNWPYTFGAGTKLELK
sequence_123,0.483934,0.720843,0.620164,0.812,0.720843,0.4964,0.1286,0.3365,241,A-B,317,885,499,6.52,10.04,7.94,322,241,81,82,QVQLQQSGPGLVQPSTSLSLTCTVSGFSLTNYGVGWVRQSPGKGLDWLGVIWSGGNTDYGDPFKSRLSINKDNSKSQVFFKMNSLQPEDTAIYFCARALTYYDYEFAYWGQGTLVTVSAGSGGSGSGGSGSGGSDILLTQSSVILSASLGERVSFSCRASQSIGTNIHWFHQRTGGTPKLLIKYASTSISGIPSRFSGSGSGTDFTLSINSVQAEDIGTYYCQQNNNWPTTFGAGTKLELK
sequence_124,0.482055,0.721216,0.621464,0.815,0.721216,0.5285,0.1627,0.3411,241,A-B,329,885,502,6.63,10.04,7.96,329,241,83,83,QVQLQQSGPGLVQPSQSLSITCTVSGFSLTNYGVHWVRQSPGKGLEWLGVIWSGGNTDYNTPFTSRLSINKDNSKSQVFFNLNSLQSNDSAIYYCARALTYYDYEFAYWGQGTSVTVSSGGGGSGGGGSGGGGSDILLTQSPSSLSVSPGERVSISCRASQSIGTNIHWYQQRTNGTPVLLIKYASESISGIKSRFSGSGSGTDFTLTISSVEAEDIATYYCQQNNNWPTTFGAGTKLELK
sequence_135,0.476248,0.712914,0.611643,0.811,0.712914,0.4851,0.1633,0.3283,241,A-B,325,885,502,6.59,10.04,7.96,329,241,84,82,QVQLKQSGPGLVQPSQSLSITCTVSGFSLTNYGVHWVRQSPGKGLEWLGVIWSGGNTDYNTKFTSRLSINKDTSKSQVFFKMNSLQSNDTAIYYCARALTYYDYEFAYWGQGTLVTVSSGGGGGGGGGGGGGGSDILLTQSPVILSVSPGERVSFSCRASQSIGTNIHWYQQRTGGSPKLLIKYASTLISGVPSRFSGSGSGTDFTLSINSVESEDIADYYCQQNNNWPTTFGAGTKLELK
sequence_130,0.468334,0.714152,0.615002,0.806,0.714152,0.4912,0.1837,0.3302,241,A-B,324,885,505,6.58,10.04,7.98,337,241,81,82,QVQLKQSGPGLVQPSQSLSITCTVSGFSLTNYGVHWVRQSPGKGLEWLGVIWSDGSTDYNTPFTSRLSINKDNSKSQVFFKMNSLQSNDTAIYYCARALTYYDYEFAYWGQGTLVTVSAGGGGSGGGGSGGGGSDILLTQSPVILSVSPGERVSFSCRASQSVGTNIHWYQQRTNGSPRLLIKYASESISGIPSRFSGSGSGTDFTLSINSVESEDIADYYCQQNNSWPYTFGAGTKLELK
sequence_136,0.466474,0.703613,0.602644,0.802,0.703613,0.3551,0.2012,0.3087,241,A-B,340,885,508,6.73,10.04,8.0,342,241,81,82,QVQLKQSGPGLVQPSQSLSITCTVSGFSLTNYGVHWVRQSPGKGLEWLGVIWGGGDTDYNTPFTSRLSINKDNSKSQVFFKMNSLQSNDTAIYYCAYAETSYDYEFAYWGQGTLVTVSAGGGGSGGGGSGGGGSDILLTQSPVILSVSPGERVSFSCRASQSIGTYIHWYQQRTNGSPRLLIKYASESISGIPSRFSGSGSGTDFTLSINSVESEDIADYYCQQNNNYPTTFGAGTKLELK
sequence_120,0.466055,0.659903,0.565189,0.776,0.659903,0.4504,0.2262,0.2898,241,A-B,342,885,574,6.74,10.04,8.41,346,241,83,83,QVQLKQSGPGLVQPSQSLSITCTVSGFSLTNYGVHWVRQSPGKGLEWLGVIWAGGGTDYNTPFTSRLSINKDNSKSQVFFKMNSLQSNDTAIYYCARALTYGSYEFAYWGQGTLVTVSAGGGGSGGGGSGGGGSDILLTQSPVILSVSPGERVSFSCRASQSIGTNIHWYQQRTNGSPRLLIKYASESISGIPSRFSGSGSGTDFTLSINSVESEDIADYYCQQNNEWPTTFGAGTKLELK
sequence_121,0.45424,0.706205,0.672768,0.807,0.706205,0.5575,0.1671,0.3169,241,A-B,550,885,727,8.27,10.04,9.27,555,241,117,102,QVQLKQSGPGLVQPSQSLSITCTVSGFSLTNYSVHWVRQSPGKGLEWLGVIWNGGNTDYNTPFTSRLSINKDNSKSQVFFKMNSLQSNDTAIYYCARALTGYDAEFAYWGQGTLVTVSAGGGGSGGGGSGGGGSDILLTQSPVILSVSPGERVSFSCRASQGIGTNIHWYQQRTNGSPRLLIKYASESISGIPSRFSGSGSGTDFTLSINSVESEDIADYYCQQNNNWPTTFGAGTKLELK
sequence_101,0.435265,0.680141,0.634745,0.792,0.680141,0.5047,0.1127,0.3066,241,A-B,482,885,685,7.82,10.04,9.05,518,241,112,100,QVQLKQSGPGLVQPSQSLSITCTVSGFSLTNYDVHWVRQSPGKGLEWLGVIWSGGNTDYNTPFTSRLSINKDNSKSQVFFKMNSLQSNDTAIYYCARALTYYGYEFDYWGQGTLVTVSAGGGGSGGGGSGGGGSDILLTQSPVILSVSPGERVSFSCRASTGIGTNIHWYQQRTNGSPRLLIKYASESISGIPSRFSGSGSGTDFTLSINSVESEDIADYYCQQNNNWPYTFGAGTKLELK
sequence_118,0.411954,0.629711,0.546165,0.768,0.629711,0.4335,0.0693,0.2693,241,A-B,360,885,575,6.9,10.04,8.42,389,241,91,87,QVQLKQSGPGLVQPSQSLSITCTVSGFSLTHYGVHWVRQSPGKGLEWLGVIWYDGNTDYNTPFTSRLSINKDNSKSQVFFKMNSLQSNDTAIYYCARALTYYDYEFAYWGQGTLVTVSAGGGGSGGGGSGGGGSDILLTQSPVILSVSPGERVSFSCRASQSIGTYIHWYQQRTNGSPRLLIKYASESISGIPSRFSGSGSGTDFTLSINSVESEDIADYYCQQNNNWPFTFGAGTKLELK
sequence_102,0.399592,0.614758,0.51098,0.756,0.614758,0.4121,0.0869,0.2412,241,A-B,316,885,553,6.51,10.04,8.29,325,241,83,81,QVQLKQSGPGLVQPSQSLSITCTVSGFSLTSYGVHWVRQSPGKGLEWLGVIWSDGNTDYNTPFTSRLSINKDNSKSQVFFKMNSLQSNDTAIYYCARALAYYDFEFAYWGQGTLVTVSAGGGGSGGGGSGGGGSDILLTQSPVILSVSPGERVSFSCRASQSIGTNIHWYQQRTNGSPRLLIKYASESISGIPSRFSGSGSGTDFTLSINSVESEDIADYYCQQNNNYPTTFGAGTKLELK
sequence_100,0.344739,0.562034,0.460393,0.733,0.549561,0.5005,0.0817,0.1945,241,A-B,292,885,523,6.28,10.04,8.09,297,241,87,87,QVQLKESGPGLVQPSQSLSITCTVSGFSLTNYGVHWVRQSPGKGLEWLGVIWSGGNTKYNTPFTSRLTINKDNSKSQVFLKMNSLQSQDTAIYYCARALTYYDYEFAYWGQGTLVTVSAGGGGSGGGGSGGGGSDILLTQSPDILSVSPGERVSFSCRASQSIGTNIHWYQQRTNSSPRLLIKYASESISGIPSRFSGSGSGTDFTLSINSVESEDIAAYYCQQNNNWPTTFGAGTKLELK
sequence_132,0.305626,0.529173,0.420139,0.689,0.482629,0.5496,0.0517,0.125,241,A-B,282,885,508,6.18,10.04,8.0,285,238,88,84,QVQLKQSGPGLVQPSQSLSITCTVSGFSLTNYGVHWVRQAPGKALEWLGVIWSGGNTKYNPPFTSRLSINKDNSKSQVFFKMNSLQSNDTAIYYCARALTYYDYEFAYWGGGTLVTVSATGGGSGGGGSGGGGSDILLTQSPVILSVSPGERVSFSCRASQSIGTNIHWYQQRTSGSPRLLIKYASESISGIPSRFSGSGSGTDFTLSISSVESEDIASYFCQQNNNWPTTFGAGTKLELK
sequence_128,0.254051,0.484355,0.368261,0.662,0.445867,0.5189,0.0412,0.0845,241,A-B,266,885,489,6.02,10.04,7.87,266,241,85,89,QVQLKQSGSGLVQPSQSLSITCTVSGFSLTNYGVHWVRQSPGKGLEWLGVIWSGGNTKFNTPFTSRLSINKDNSKSQVFFKMNSLQSNDTAIYYCARALTYYDYEFAYWGQGTLVTVSAGGGGGGGGGSGGGGSDILLTQSPVSLSVSPGERVSITCRASQSIGTNIHWYQQRTNGSPRLLIKYASELISGIPSRFSGSGSGTDFTLSINSVEAEDIADYYCQQNNNWPTTFSAGTKLELK
sequence_14,0.251963,0.482342,0.366328,0.644,0.418955,0.508,0.0342,0.0745,241,A-B,261,885,488,5.97,10.04,7.86,264,234,84,87,QVQLKESGPGLVQPSQTLSITCTVTGFSLTNYGVHWVRQAPGKGLEWLGVIWSGGNTKYNTKFTSRLSINKDTSKSQVFFKMNSLQSEDTAIYYCARALTYYDYEFAYWGQGTLVTVSAGGGGSGGGGSGGGGGEIVLTQSPVILSASPGERVSFSCRASQSIGTNINWYQQRTNGSPRRLIKYASESISGIPERFSGSGSGTDFGLSINRVESEDIADYYCQQNNNWPTTFGAGTKLELK
sequence_134,0.12933,0.360291,0.222103,0.532,0.301089,0.4543,0.0198,0.0038,241,A-B,191,885,390,5.15,10.04,7.14,195,195,72,70,QVQLKQSGGGLVTPSGSLTMTCTVSGFSLTNYGVNWVRQTPSKGLEWLGVIWSGGNTKYNTSFTSRLSISKDNSKSQVFLKMNSLQSNDTAIYYCARALTYYDYEFAYWGQGTTVTVSAGSGGSGGGGSGGGYSDILLTQSPSSMSVAPGERVSFSCRASQSIGTNLHWYQQRTNGAPRLLIKYASTLDSGVPSRFSGSGSGTDFTLSISRVESEDIADYFCQQNNNWPTTFGAGTKLELK
sequence_13,0.005032,0.320691,0.016183,0.444,0.236403,0.1912,0.0135,0.0,241,A-B,4,885,41,1.04,10.04,1.87,14,27,1,1,QVQLKQSGPGLVQPSQSLSITCTVSGFSLTNDGVHWVRQSPGKGLEWLGVIWSGGNTDYNTPFTSRLSINKDNSKSQVFFKMNSLQSNDTAIYYCARALGYRDGEFAYWGQGTLVTVSAGGGGSGGGGSGGGGSDILLTQSPVILSVSPGERVSFSCRASQSIGSNIHWYQQRTNGSPRLLIKYASESISGIPSRFSGSGSGTDFTLSINSVESEDIADYYCQQNNNWPTTFGAGTKLELK
sequence_117,0.0,0.0,0.0,0.218,0.133931,0.2136,0.0106,0.0,241,A-B,0,885,0,1.04,10.04,1.04,0,0,0,0,QVQLKQSGPGLVQPSQSLSITCTVSGFSLTSYGVHWVRQSPGKGLEWLGVIWSGGNTDYNTPFTSRLSINKDNSKSQVFFKMNSLQSNDTAIYYCARALGYGHYEFDYWGQGTLVTVSAGGGGSGGGGSGGGGSDILLTQSPVILSVSPGERVSFSCRASQSIGTNIHWYQQRTNGSPRLLIKYASESISGIPSRFSGSGSGTDFTLSINSVESEDIADYYCQQNYNWDTEFGAGTKLELK
